Feature,Coefficient
study_hours,4.792695765771933
sleep_hours,1.9345892381254977
previous_score,0.3859926989011271
attendance,0.28146261044777277
stress_level,-1.9286572760695857
